{
    "clusterId": "<CLUSTER_ID>",
    "sparkArgs": [
        [
            "spark-submit",
            "s3://<S3_BUCKET_NAME>/files/spark-etl.py",
            "s3://<S3_BUCKET_NAME>/input",
            "s3://<S3_BUCKET_NAME>/output/spark1"
        ],
        [
            "spark-submit",
            "s3://<S3_BUCKET_NAME>/files/spark-etl.py",
            "s3://<S3_BUCKET_NAME>/input",
            "s3://<S3_BUCKET_NAME>/output/spark2"
        ],
        [
            "spark-submit",
            "s3://<S3_BUCKET_NAME>/files/spark-etl.py",
            "s3://<S3_BUCKET_NAME>/input",
            "s3://<S3_BUCKET_NAME>/output/spark3"
        ],
        [
            "spark-submit",
            "s3://<S3_BUCKET_NAME>/files/spark-etl.py",
            "s3://<S3_BUCKET_NAME>/input",
            "s3://<S3_BUCKET_NAME>/output/spark4"
        ],
        [
            "spark-submit",
            "s3://<S3_BUCKET_NAME>/files/spark-etl.py",
            "s3://<S3_BUCKET_NAME>/input",
            "s3://<S3_BUCKET_NAME>/output/spark5"
        ]
    ],
    "hiveArgs": [
        [
            "hive-script",
            "--run-hive-script",
            "--args",
            "-f",
            "s3://<S3_BUCKET_NAME>/files/ny-taxi.hql",
            "-d",
            "INPUT=s3://<S3_BUCKET_NAME>/input/",
            "-d",
            "OUTPUT=s3://<S3_BUCKET_NAME>/output/hive1"
        ],
        [
            "hive-script",
            "--run-hive-script",
            "--args",
            "-f",
            "s3://<S3_BUCKET_NAME>/files/ny-taxi.hql",
            "-d",
            "INPUT=s3://<S3_BUCKET_NAME>/input/",
            "-d",
            "OUTPUT=s3://<S3_BUCKET_NAME>/output/hive2"
        ],
        [
            "hive-script",
            "--run-hive-script",
            "--args",
            "-f",
            "s3://<S3_BUCKET_NAME>/files/ny-taxi.hql",
            "-d",
            "INPUT=s3://<S3_BUCKET_NAME>/input/",
            "-d",
            "OUTPUT=s3://<S3_BUCKET_NAME>/output/hive3"
        ],
        [
            "hive-script",
            "--run-hive-script",
            "--args",
            "-f",
            "s3://<S3_BUCKET_NAME>/files/ny-taxi.hql",
            "-d",
            "INPUT=s3://<S3_BUCKET_NAME>/input/",
            "-d",
            "OUTPUT=s3://<S3_BUCKET_NAME>/output/hive4"
        ],
        [
            "hive-script",
            "--run-hive-script",
            "--args",
            "-f",
            "s3://<S3_BUCKET_NAME>/files/ny-taxi.hql",
            "-d",
            "INPUT=s3://<S3_BUCKET_NAME>/input/",
            "-d",
            "OUTPUT=s3://<S3_BUCKET_NAME>/output/hive5"
        ]
    ],
    "pigArgs": [
        [
            "pig-script",
            "--run-pig-script",
            "--args",
            "-f",
            "s3://<S3_BUCKET_NAME>/files/ny-taxi.pig",
            "-p",
            "INPUT=s3://<S3_BUCKET_NAME>/input/",
            "-p",
            "OUTPUT=s3://<S3_BUCKET_NAME>/output/pig1"
        ],
        [
            "pig-script",
            "--run-pig-script",
            "--args",
            "-f",
            "s3://<S3_BUCKET_NAME>/files/ny-taxi.pig",
            "-p",
            "INPUT=s3://<S3_BUCKET_NAME>/input/",
            "-p",
            "OUTPUT=s3://<S3_BUCKET_NAME>/output/pig2"
        ],
        [
            "pig-script",
            "--run-pig-script",
            "--args",
            "-f",
            "s3://<S3_BUCKET_NAME>/files/ny-taxi.pig",
            "-p",
            "INPUT=s3://<S3_BUCKET_NAME>/input/",
            "-p",
            "OUTPUT=s3://<S3_BUCKET_NAME>/output/pig3"
        ],
        [
            "pig-script",
            "--run-pig-script",
            "--args",
            "-f",
            "s3://<S3_BUCKET_NAME>/files/ny-taxi.pig",
            "-p",
            "INPUT=s3://<S3_BUCKET_NAME>/input/",
            "-p",
            "OUTPUT=s3://<S3_BUCKET_NAME>/output/pig4"
        ],
        [
            "pig-script",
            "--run-pig-script",
            "--args",
            "-f",
            "s3://<S3_BUCKET_NAME>/files/ny-taxi.pig",
            "-p",
            "INPUT=s3://<S3_BUCKET_NAME>/input/",
            "-p",
            "OUTPUT=s3://<S3_BUCKET_NAME>/output/pig5"
        ]
    ],
    "deleteCluster": false
}