[
  {
          "PropertyGroupId": "kinesis.analytics.flink.run.options",
          "PropertyMap": {
            "python": "StreamingFileSink/streaming-file-sink.py",
            "jarfile": "StreamingFileSink/lib/flink-sql-connector-kinesis-1.15.2.jar"
          }
        },
        {
          "PropertyGroupId": "consumer.config.0",
          "PropertyMap": {
            "input.stream.name": "KinesisAnalyticsPenTestInputStream",
            "scan.stream.initpos": "LATEST",
            "aws.region": "us-east-1"
          }
        },
  {
    "PropertyGroupId": "sink.config.0",
    "PropertyMap": {
      "output.bucket.name": "thebucketofjeremy"
    }
  }]