{
  "annotations": {
    "list": [
      {
        "builtIn": 1,
        "datasource": {
          "type": "grafana",
          "uid": "-- Grafana --"
        },
        "enable": true,
        "hide": true,
        "iconColor": "rgba(0, 211, 255, 1)",
        "name": "Annotations & Alerts",
        "type": "dashboard"
      }
    ]
  },
  "editable": true,
  "fiscalYearStartMonth": 0,
  "graphTooltip": 0,
  "id": 1,
  "links": [],
  "liveNow": false,
  "panels": [
    {
      "datasource": {
        "type": "redis-datasource",
        "uid": "d65556b5-515c-4684-91f5-11def151961c"
      },
      "fieldConfig": {
        "defaults": {
          "color": {
            "mode": "thresholds"
          },
          "custom": {
            "align": "auto",
            "cellOptions": {
              "type": "auto"
            },
            "inspect": false
          },
          "mappings": [],
          "thresholds": {
            "mode": "absolute",
            "steps": [
              {
                "color": "green",
                "value": null
              },
              {
                "color": "red",
                "value": 80
              }
            ]
          }
        },
        "overrides": []
      },
      "gridPos": {
        "h": 17,
        "w": 12,
        "x": 0,
        "y": 0
      },
      "id": 4,
      "options": {
        "cellHeight": "sm",
        "footer": {
          "countRows": false,
          "fields": "",
          "reducer": [
            "sum"
          ],
          "show": false
        },
        "showHeader": true
      },
      "pluginVersion": "10.0.3",
      "targets": [
        {
          "command": "zrange",
          "datasource": {
            "type": "redis-datasource",
            "uid": "d65556b5-515c-4684-91f5-11def151961c"
          },
          "keyName": "leaderboard:total_distance:v2",
          "max": "10",
          "min": "0",
          "query": "",
          "refId": "A",
          "type": "command",
          "zrangeQuery": ""
        }
      ],
      "title": "Total distance v2",
      "transformations": [
        {
          "id": "reduce",
          "options": {
            "labelsToFields": true,
            "reducers": [
              "sum"
            ]
          }
        },
        {
          "id": "sortBy",
          "options": {
            "fields": {},
            "sort": [
              {
                "desc": true,
                "field": "Total"
              }
            ]
          }
        }
      ],
      "type": "table"
    },
    {
      "datasource": {
        "type": "redis-datasource",
        "uid": "d65556b5-515c-4684-91f5-11def151961c"
      },
      "fieldConfig": {
        "defaults": {
          "color": {
            "mode": "thresholds"
          },
          "custom": {
            "align": "auto",
            "cellOptions": {
              "type": "auto"
            },
            "inspect": false
          },
          "mappings": [],
          "thresholds": {
            "mode": "absolute",
            "steps": [
              {
                "color": "green",
                "value": null
              },
              {
                "color": "red",
                "value": 80
              }
            ]
          }
        },
        "overrides": []
      },
      "gridPos": {
        "h": 17,
        "w": 12,
        "x": 12,
        "y": 0
      },
      "id": 3,
      "options": {
        "cellHeight": "sm",
        "footer": {
          "countRows": false,
          "fields": "",
          "reducer": [
            "sum"
          ],
          "show": false
        },
        "showHeader": true
      },
      "pluginVersion": "10.0.3",
      "targets": [
        {
          "command": "zrange",
          "datasource": {
            "type": "redis-datasource",
            "uid": "d65556b5-515c-4684-91f5-11def151961c"
          },
          "keyName": "leaderboard:top_speed:v2",
          "max": "10",
          "min": "0",
          "query": "",
          "refId": "A",
          "type": "command",
          "zrangeQuery": ""
        }
      ],
      "title": "Top speed v2",
      "transformations": [
        {
          "id": "reduce",
          "options": {
            "labelsToFields": true,
            "reducers": [
              "sum"
            ]
          }
        },
        {
          "id": "sortBy",
          "options": {
            "fields": {},
            "sort": [
              {
                "desc": true,
                "field": "Total"
              }
            ]
          }
        }
      ],
      "type": "table"
    },
    {
      "datasource": {
        "type": "redis-datasource",
        "uid": "d65556b5-515c-4684-91f5-11def151961c"
      },
      "fieldConfig": {
        "defaults": {
          "color": {
            "mode": "thresholds"
          },
          "custom": {
            "align": "auto",
            "cellOptions": {
              "type": "auto"
            },
            "filterable": false,
            "inspect": false
          },
          "mappings": [],
          "thresholds": {
            "mode": "absolute",
            "steps": [
              {
                "color": "green",
                "value": null
              },
              {
                "color": "red",
                "value": 80
              }
            ]
          }
        },
        "overrides": []
      },
      "gridPos": {
        "h": 15,
        "w": 12,
        "x": 0,
        "y": 17
      },
      "id": 1,
      "options": {
        "cellHeight": "md",
        "footer": {
          "countRows": false,
          "enablePagination": false,
          "fields": "",
          "reducer": [
            "sum"
          ],
          "show": false
        },
        "showHeader": true
      },
      "pluginVersion": "10.0.3",
      "targets": [
        {
          "command": "zrange",
          "datasource": {
            "type": "redis-datasource",
            "uid": "d65556b5-515c-4684-91f5-11def151961c"
          },
          "keyName": "leaderboard:total_distance",
          "max": "10",
          "min": "0",
          "query": "",
          "refId": "A",
          "streaming": false,
          "type": "command",
          "zrangeQuery": ""
        }
      ],
      "title": "Leaderboard by Total distance",
      "transformations": [
        {
          "id": "reduce",
          "options": {
            "labelsToFields": false,
            "reducers": [
              "sum"
            ]
          }
        },
        {
          "id": "sortBy",
          "options": {
            "fields": {},
            "sort": [
              {
                "desc": true,
                "field": "Total"
              }
            ]
          }
        }
      ],
      "type": "table"
    },
    {
      "datasource": {
        "type": "redis-datasource",
        "uid": "d65556b5-515c-4684-91f5-11def151961c"
      },
      "fieldConfig": {
        "defaults": {
          "color": {
            "mode": "thresholds"
          },
          "custom": {
            "align": "auto",
            "cellOptions": {
              "type": "auto"
            },
            "inspect": false
          },
          "mappings": [],
          "thresholds": {
            "mode": "absolute",
            "steps": [
              {
                "color": "green",
                "value": null
              },
              {
                "color": "red",
                "value": 80
              }
            ]
          }
        },
        "overrides": []
      },
      "gridPos": {
        "h": 15,
        "w": 12,
        "x": 12,
        "y": 17
      },
      "id": 2,
      "options": {
        "cellHeight": "sm",
        "footer": {
          "countRows": false,
          "fields": "",
          "reducer": [
            "sum"
          ],
          "show": false
        },
        "showHeader": true
      },
      "pluginVersion": "10.0.3",
      "targets": [
        {
          "command": "zrange",
          "datasource": {
            "type": "redis-datasource",
            "uid": "d65556b5-515c-4684-91f5-11def151961c"
          },
          "keyName": "leaderboard:top_speed",
          "max": "10",
          "min": "0",
          "query": "",
          "refId": "A",
          "type": "command",
          "zrangeQuery": ""
        }
      ],
      "title": "Top speed",
      "transformations": [
        {
          "id": "reduce",
          "options": {
            "labelsToFields": true,
            "reducers": [
              "sum"
            ]
          }
        },
        {
          "id": "sortBy",
          "options": {
            "fields": {},
            "sort": [
              {
                "desc": true,
                "field": "Total"
              }
            ]
          }
        }
      ],
      "type": "table"
    }
  ],
  "refresh": "5s",
  "schemaVersion": 38,
  "style": "dark",
  "tags": [],
  "templating": {
    "list": []
  },
  "time": {
    "from": "now-6h",
    "to": "now"
  },
  "timepicker": {},
  "timezone": "",
  "title": "Gaming Leaderboard",
  "uid": "be387730-0076-4470-9a4a-6fd6f72193e6",
  "version": 10,
  "weekStart": ""
}